[{"Vin":"VR3FDAHDJM3005267","Manufacturer":"Peugeout","Model":"Landtrek Pick up","Type":"Легковий автомобіль","Updated":"0001-01-01T00:00:00","Date":"2022-10-27T00:00:00+03:00","Year":2021,"Mileage":330,"MileageUnits":"км","MileageH":0,"Color":"Зелений","Notes":"","Parts":[{"Name":"Ключ центрального замка","Type":"ЗІП","Units":"шт","Quantity":2,"Notes":""},{"Name":"Кузов","Type":"Агрегат","Units":"шт","Quantity":1,"Notes":""},{"Name":"Двигун","Type":"Агрегат","Units":"шт","Quantity":1,"Notes":""},{"Name":"Передній міст","Type":"Агрегат","Units":"шт","Quantity":1,"Notes":""},{"Name":"Коробка передач","Type":"Агрегат","Units":"шт","Quantity":1,"Notes":""},{"Name":"Задній міст","Type":"Агрегат","Units":"шт","Quantity":1,"Notes":""},{"Name":"Роздавальна коробка","Type":"Агрегат","Units":"шт","Quantity":1,"Notes":""},{"Name":"Кермовий механізм","Type":"Агрегат","Units":"шт","Quantity":1,"Notes":""},{"Name":"265/60R18","Type":"Шина","Units":"шт","Quantity":1,"Notes":""},{"Name":"6CT-90","Type":"Батарея","Units":"шт","Quantity":1,"Notes":""},{"Name":"Домкрат","Type":"ЗІП","Units":"шт","Quantity":1,"Notes":""},{"Name":"Подовжувач домкрата","Type":"ЗІП","Units":"шт","Quantity":1,"Notes":""},{"Name":"Ключ колісний","Type":"ЗІП","Units":"шт","Quantity":3,"Notes":""},{"Name":"Сумка інструментальна","Type":"ЗІП","Units":"шт","Quantity":1,"Notes":""},{"Name":"Викрутка універсальна","Type":"ЗІП","Units":"шт","Quantity":1,"Notes":""},{"Name":"Документація","Type":"ЗІП","Units":"к-т","Quantity":1,"Notes":""}],"IsEmpty":false},{"Vin":"MMBJJKL10NH060507","Manufacturer":"Mitsubishi","Model":"L200","Type":"Легковий автомобіль","Updated":"0001-01-01T00:00:00","Date":"2022-10-27T00:00:00+03:00","Year":2022,"Mileage":314,"MileageUnits":"км","MileageH":0,"Color":"Зелений","Notes":"","Parts":[{"Name":"Двигун","Type":"Агрегат","Units":"шт","Quantity":1,"Notes":""},{"Name":"Передній міст","Type":"Агрегат","Units":"шт","Quantity":1,"Notes":""},{"Name":"Кузов","Type":"Агрегат","Units":"шт","Quantity":1,"Notes":""},{"Name":"Коробка передач","Type":"Агрегат","Units":"шт","Quantity":1,"Notes":""},{"Name":"Задній міст","Type":"Агрегат","Units":"шт","Quantity":1,"Notes":""},{"Name":"Роздавальна коробка","Type":"Агрегат","Units":"шт","Quantity":1,"Notes":""},{"Name":"Кермовий механізм","Type":"Агрегат","Units":"шт","Quantity":1,"Notes":""},{"Name":"245/65R17","Type":"Автошина","Units":"шт","Quantity":5,"Notes":""},{"Name":"5СТ-80AH","Type":"Батарея","Units":"шт","Quantity":1,"Notes":""},{"Name":"Домкрат","Type":"ЗІП","Units":"шт","Quantity":1,"Notes":""},{"Name":"Подовжувач домкрата","Type":"ЗІП","Units":"шт","Quantity":1,"Notes":""},{"Name":"Ключ 10x12","Type":"ЗІП","Units":"шт","Quantity":1,"Notes":""},{"Name":"Плоскогубці","Type":"ЗІП","Units":"шт","Quantity":1,"Notes":""},{"Name":"Викрутка універсальна","Type":"ЗІП","Units":"шт","Quantity":1,"Notes":""},{"Name":"Ключ колісний","Type":"ЗІП","Units":"шт","Quantity":1,"Notes":""},{"Name":"Аптечка","Type":"ЗІП","Units":"шт","Quantity":1,"Notes":""},{"Name":"Сумка інструментальна","Type":"ЗІП","Units":"шт","Quantity":1,"Notes":""},{"Name":"Шинний манометр","Type":"ЗІП","Units":"шт","Quantity":1,"Notes":""},{"Name":"Знак аварійної зупинки","Type":"ЗІП","Units":"шт","Quantity":1,"Notes":""},{"Name":"Вогнегасник","Type":"ЗІП","Units":"шт","Quantity":1,"Notes":""},{"Name":"Документація","Type":"ЗІП","Units":"шт","Quantity":1,"Notes":""},{"Name":"Ключ замка запалювання","Type":"ЗІП","Units":"шт","Quantity":2,"Notes":""}],"IsEmpty":false}]