{"Vin":"VR3FDAHD","Manufacturer":"Peugeout","Model":"Landtrek Pick up","Type":"Легковий автомобіль","Updated":"0001-01-01T00:00:00","Date":"2022-10-27T00:00:00+03:00","Year":0,"Mileage":0,"MileageUnits":null,"MileageH":0,"Color":"Зелений","Notes":"","Parts":[{"Name":"Ключ центрального замка","Type":"ЗІП","Units":"шт","Quantity":2,"Notes":""},{"Name":"Кузов","Type":"Агрегат","Units":"шт","Quantity":1,"Notes":""},{"Name":"Двигун","Type":"Агрегат","Units":"шт","Quantity":1,"Notes":""},{"Name":"Передній міст","Type":"Агрегат","Units":"шт","Quantity":1,"Notes":""},{"Name":"Коробка передач","Type":"Агрегат","Units":"шт","Quantity":1,"Notes":""},{"Name":"Задній міст","Type":"Агрегат","Units":"шт","Quantity":1,"Notes":""},{"Name":"Роздавальна коробка","Type":"Агрегат","Units":"шт","Quantity":1,"Notes":""},{"Name":"Кермовий механізм","Type":"Агрегат","Units":"шт","Quantity":1,"Notes":""},{"Name":"265/60R18","Type":"Шина","Units":"шт","Quantity":1,"Notes":""},{"Name":"6CT-90","Type":"Батарея","Units":"шт","Quantity":1,"Notes":""},{"Name":"Домкрат","Type":"ЗІП","Units":"шт","Quantity":1,"Notes":""},{"Name":"Подовжувач домкрата","Type":"ЗІП","Units":"шт","Quantity":1,"Notes":""},{"Name":"Ключ колісний","Type":"ЗІП","Units":"шт","Quantity":3,"Notes":""},{"Name":"Сумка інструментальна","Type":"ЗІП","Units":"шт","Quantity":1,"Notes":""},{"Name":"Викрутка універсальна","Type":"ЗІП","Units":"шт","Quantity":1,"Notes":""},{"Name":"Документація","Type":"ЗІП","Units":"к-т","Quantity":1,"Notes":""}],"IsEmpty":false}