{"Vin":"JTEEB71J","Manufacturer":"Toyota","Model":"LC SUV мод. HZ76L-RKMRS","Type":"Легковий автомобіль","Updated":"0001-01-01T00:00:00","Date":"2022-10-29T00:00:00+03:00","Year":0,"Mileage":0,"MileageUnits":null,"MileageH":0,"Color":"Зелений","Notes":"","Parts":[{"Name":"Кузов","Type":"Агрегат","Units":"шт","Quantity":1,"Notes":""},{"Name":"Двигун (дизельний)","Type":"Агрегат","Units":"шт","Quantity":1,"Notes":""},{"Name":"Передній міст","Type":"Агрегат","Units":"шт","Quantity":1,"Notes":""},{"Name":"Коробка передач","Type":"Агрегат","Units":"шт","Quantity":1,"Notes":""},{"Name":"Задній міст","Type":"Агрегат","Units":"шт","Quantity":1,"Notes":""},{"Name":"Роздавальна коробка","Type":"Агрегат","Units":"шт","Quantity":1,"Notes":""},{"Name":"Кермовий механізм","Type":"Агрегат","Units":"шт","Quantity":1,"Notes":""},{"Name":"Автошини 7.50R16","Type":"Шина","Units":"шт","Quantity":5,"Notes":""},{"Name":"Акумуляторні батареї 12В 6СТ 70Ah","Type":"Батарея","Units":"шт","Quantity":2,"Notes":""},{"Name":"Лебідка","Type":"Обладнання","Units":"шт","Quantity":1,"Notes":""},{"Name":"Автомагнітола","Type":"Обладнання","Units":"шт","Quantity":1,"Notes":""},{"Name":"Тягово-зчіпний пристрій","Type":"Обладнання","Units":"шт","Quantity":1,"Notes":""},{"Name":"Багажник на дах","Type":"Обладнання","Units":"шт","Quantity":1,"Notes":""},{"Name":"Ящик ЗІП","Type":"ЗІП","Units":"шт","Quantity":1,"Notes":""},{"Name":"Автомобільний компресор","Type":"ЗІП","Units":"к-т","Quantity":1,"Notes":""},{"Name":"Замок навісний","Type":"ЗІП","Units":"шт","Quantity":1,"Notes":""},{"Name":"Килимок","Type":"ЗІП","Units":"к-т","Quantity":1,"Notes":""},{"Name":"Вогнегасник","Type":"ЗІП","Units":"шт","Quantity":1,"Notes":""},{"Name":"Знак аварійної зупинки","Type":"ЗІП","Units":"шт","Quantity":3,"Notes":""},{"Name":"Аптечка медична","Type":"ЗІП","Units":"шт","Quantity":1,"Notes":""},{"Name":"Домкрат","Type":"ЗІП","Units":"шт","Quantity":1,"Notes":""},{"Name":"Подовжувач домкрата","Type":"ЗІП","Units":"шт","Quantity":4,"Notes":""},{"Name":"Ключ колісний","Type":"ЗІП","Units":"шт","Quantity":1,"Notes":""},{"Name":"Викрутка універсальна","Type":"ЗІП","Units":"шт","Quantity":1,"Notes":""},{"Name":"Ключ рожковий 8x10 мм","Type":"ЗІП","Units":"шт","Quantity":1,"Notes":""},{"Name":"Ключ рожковий 12x14 мм","Type":"ЗІП","Units":"шт","Quantity":1,"Notes":""},{"Name":"Сумка інструментальна","Type":"ЗІП","Units":"шт","Quantity":1,"Notes":""},{"Name":"Пас буксирний","Type":"ЗІП","Units":"шт","Quantity":1,"Notes":""},{"Name":"Пульт лебідки","Type":"ЗІП","Units":"шт","Quantity":1,"Notes":""},{"Name":"Ключ замка запалювання","Type":"ЗІП","Units":"шт","Quantity":3,"Notes":""},{"Name":"Пульт центрального замка","Type":"ЗІП","Units":"шт","Quantity":2,"Notes":""},{"Name":"Ключ маси","Type":"ЗІП","Units":"шт","Quantity":2,"Notes":""},{"Name":"Плоскогубці","Type":"ЗІП","Units":"шт","Quantity":1,"Notes":""}],"IsEmpty":false}